source name	characteristics[organism]	characteristics[organism part]	characteristics[disease]	characteristics[cell type]	characteristics[material type]	characteristics[biological replicate]	assay name	technology type	comment[fraction identifier]	comment[technical replicate]	comment[label]	comment[instrument]	comment[cleavage agent details]	comment[modification parameters]	comment[proteomics data acquisition method]	comment[scan window lower limit]	comment[scan window upper limit]	comment[isolation window width]	comment[dia method]	comment[data file]	comment[sdrf version]	comment[sdrf template]	comment[sdrf template]	comment[sdrf template]	comment[sdrf template]	factor value[disease]
cancer cell line batch 180329	Homo sapiens	not available	neoplasm	not available	cell line	1	run 1	proteomic profiling by mass spectrometry	1	1	label free sample	NT=TripleTOF 6600;AC=MS:1002533	NT=Trypsin;AC=MS:1001251	NT=Carbamidomethyl;AC=UNIMOD:4;TA=C;MT=Fixed	Data-independent acquisition	400	1200	25	SWATH-MS	180329.zip	v1.1.0	NT=ms-proteomics;VV=v1.1.0	NT=human;VV=v1.1.0	NT=cell-lines;VV=v1.1.0	NT=dia-acquisition;VV=v1.1.0	neoplasm
cancer cell line batch 180824	Homo sapiens	not available	neoplasm	not available	cell line	2	run 2	proteomic profiling by mass spectrometry	1	1	label free sample	NT=TripleTOF 6600;AC=MS:1002533	NT=Trypsin;AC=MS:1001251	NT=Carbamidomethyl;AC=UNIMOD:4;TA=C;MT=Fixed	Data-independent acquisition	400	1200	25	SWATH-MS	180824.zip	v1.1.0	NT=ms-proteomics;VV=v1.1.0	NT=human;VV=v1.1.0	NT=cell-lines;VV=v1.1.0	NT=dia-acquisition;VV=v1.1.0	neoplasm
cancer cell line batch 180917	Homo sapiens	not available	neoplasm	not available	cell line	3	run 3	proteomic profiling by mass spectrometry	1	1	label free sample	NT=TripleTOF 6600;AC=MS:1002533	NT=Trypsin;AC=MS:1001251	NT=Carbamidomethyl;AC=UNIMOD:4;TA=C;MT=Fixed	Data-independent acquisition	400	1200	25	SWATH-MS	180917.zip	v1.1.0	NT=ms-proteomics;VV=v1.1.0	NT=human;VV=v1.1.0	NT=cell-lines;VV=v1.1.0	NT=dia-acquisition;VV=v1.1.0	neoplasm
cancer cell line batch 180921	Homo sapiens	not available	neoplasm	not available	cell line	4	run 4	proteomic profiling by mass spectrometry	1	1	label free sample	NT=TripleTOF 6600;AC=MS:1002533	NT=Trypsin;AC=MS:1001251	NT=Carbamidomethyl;AC=UNIMOD:4;TA=C;MT=Fixed	Data-independent acquisition	400	1200	25	SWATH-MS	180921.zip	v1.1.0	NT=ms-proteomics;VV=v1.1.0	NT=human;VV=v1.1.0	NT=cell-lines;VV=v1.1.0	NT=dia-acquisition;VV=v1.1.0	neoplasm
cancer cell line batch 181007	Homo sapiens	not available	neoplasm	not available	cell line	5	run 5	proteomic profiling by mass spectrometry	1	1	label free sample	NT=TripleTOF 6600;AC=MS:1002533	NT=Trypsin;AC=MS:1001251	NT=Carbamidomethyl;AC=UNIMOD:4;TA=C;MT=Fixed	Data-independent acquisition	400	1200	25	SWATH-MS	181007.zip	v1.1.0	NT=ms-proteomics;VV=v1.1.0	NT=human;VV=v1.1.0	NT=cell-lines;VV=v1.1.0	NT=dia-acquisition;VV=v1.1.0	neoplasm
cancer cell line batch 181019	Homo sapiens	not available	neoplasm	not available	cell line	6	run 6	proteomic profiling by mass spectrometry	1	1	label free sample	NT=TripleTOF 6600;AC=MS:1002533	NT=Trypsin;AC=MS:1001251	NT=Carbamidomethyl;AC=UNIMOD:4;TA=C;MT=Fixed	Data-independent acquisition	400	1200	25	SWATH-MS	181019.zip	v1.1.0	NT=ms-proteomics;VV=v1.1.0	NT=human;VV=v1.1.0	NT=cell-lines;VV=v1.1.0	NT=dia-acquisition;VV=v1.1.0	neoplasm
cancer cell line batch 181022	Homo sapiens	not available	neoplasm	not available	cell line	7	run 7	proteomic profiling by mass spectrometry	1	1	label free sample	NT=TripleTOF 6600;AC=MS:1002533	NT=Trypsin;AC=MS:1001251	NT=Carbamidomethyl;AC=UNIMOD:4;TA=C;MT=Fixed	Data-independent acquisition	400	1200	25	SWATH-MS	181022.zip	v1.1.0	NT=ms-proteomics;VV=v1.1.0	NT=human;VV=v1.1.0	NT=cell-lines;VV=v1.1.0	NT=dia-acquisition;VV=v1.1.0	neoplasm
cancer cell line batch 181023	Homo sapiens	not available	neoplasm	not available	cell line	8	run 8	proteomic profiling by mass spectrometry	1	1	label free sample	NT=TripleTOF 6600;AC=MS:1002533	NT=Trypsin;AC=MS:1001251	NT=Carbamidomethyl;AC=UNIMOD:4;TA=C;MT=Fixed	Data-independent acquisition	400	1200	25	SWATH-MS	181023.zip	v1.1.0	NT=ms-proteomics;VV=v1.1.0	NT=human;VV=v1.1.0	NT=cell-lines;VV=v1.1.0	NT=dia-acquisition;VV=v1.1.0	neoplasm
cancer cell line batch 181102	Homo sapiens	not available	neoplasm	not available	cell line	9	run 9	proteomic profiling by mass spectrometry	1	1	label free sample	NT=TripleTOF 6600;AC=MS:1002533	NT=Trypsin;AC=MS:1001251	NT=Carbamidomethyl;AC=UNIMOD:4;TA=C;MT=Fixed	Data-independent acquisition	400	1200	25	SWATH-MS	181102.zip	v1.1.0	NT=ms-proteomics;VV=v1.1.0	NT=human;VV=v1.1.0	NT=cell-lines;VV=v1.1.0	NT=dia-acquisition;VV=v1.1.0	neoplasm
cancer cell line batch 181127	Homo sapiens	not available	neoplasm	not available	cell line	10	run 10	proteomic profiling by mass spectrometry	1	1	label free sample	NT=TripleTOF 6600;AC=MS:1002533	NT=Trypsin;AC=MS:1001251	NT=Carbamidomethyl;AC=UNIMOD:4;TA=C;MT=Fixed	Data-independent acquisition	400	1200	25	SWATH-MS	181127.zip	v1.1.0	NT=ms-proteomics;VV=v1.1.0	NT=human;VV=v1.1.0	NT=cell-lines;VV=v1.1.0	NT=dia-acquisition;VV=v1.1.0	neoplasm
cancer cell line batch 181213	Homo sapiens	not available	neoplasm	not available	cell line	11	run 11	proteomic profiling by mass spectrometry	1	1	label free sample	NT=TripleTOF 6600;AC=MS:1002533	NT=Trypsin;AC=MS:1001251	NT=Carbamidomethyl;AC=UNIMOD:4;TA=C;MT=Fixed	Data-independent acquisition	400	1200	25	SWATH-MS	181213.zip	v1.1.0	NT=ms-proteomics;VV=v1.1.0	NT=human;VV=v1.1.0	NT=cell-lines;VV=v1.1.0	NT=dia-acquisition;VV=v1.1.0	neoplasm
cancer cell line batch 181214	Homo sapiens	not available	neoplasm	not available	cell line	12	run 12	proteomic profiling by mass spectrometry	1	1	label free sample	NT=TripleTOF 6600;AC=MS:1002533	NT=Trypsin;AC=MS:1001251	NT=Carbamidomethyl;AC=UNIMOD:4;TA=C;MT=Fixed	Data-independent acquisition	400	1200	25	SWATH-MS	181214.zip	v1.1.0	NT=ms-proteomics;VV=v1.1.0	NT=human;VV=v1.1.0	NT=cell-lines;VV=v1.1.0	NT=dia-acquisition;VV=v1.1.0	neoplasm
cancer cell line batch 181216	Homo sapiens	not available	neoplasm	not available	cell line	13	run 13	proteomic profiling by mass spectrometry	1	1	label free sample	NT=TripleTOF 6600;AC=MS:1002533	NT=Trypsin;AC=MS:1001251	NT=Carbamidomethyl;AC=UNIMOD:4;TA=C;MT=Fixed	Data-independent acquisition	400	1200	25	SWATH-MS	181216.zip	v1.1.0	NT=ms-proteomics;VV=v1.1.0	NT=human;VV=v1.1.0	NT=cell-lines;VV=v1.1.0	NT=dia-acquisition;VV=v1.1.0	neoplasm
cancer cell line batch 181219	Homo sapiens	not available	neoplasm	not available	cell line	14	run 14	proteomic profiling by mass spectrometry	1	1	label free sample	NT=TripleTOF 6600;AC=MS:1002533	NT=Trypsin;AC=MS:1001251	NT=Carbamidomethyl;AC=UNIMOD:4;TA=C;MT=Fixed	Data-independent acquisition	400	1200	25	SWATH-MS	181219.zip	v1.1.0	NT=ms-proteomics;VV=v1.1.0	NT=human;VV=v1.1.0	NT=cell-lines;VV=v1.1.0	NT=dia-acquisition;VV=v1.1.0	neoplasm
cancer cell line batch 181220	Homo sapiens	not available	neoplasm	not available	cell line	15	run 15	proteomic profiling by mass spectrometry	1	1	label free sample	NT=TripleTOF 6600;AC=MS:1002533	NT=Trypsin;AC=MS:1001251	NT=Carbamidomethyl;AC=UNIMOD:4;TA=C;MT=Fixed	Data-independent acquisition	400	1200	25	SWATH-MS	181220.zip	v1.1.0	NT=ms-proteomics;VV=v1.1.0	NT=human;VV=v1.1.0	NT=cell-lines;VV=v1.1.0	NT=dia-acquisition;VV=v1.1.0	neoplasm
cancer cell line batch 181221	Homo sapiens	not available	neoplasm	not available	cell line	16	run 16	proteomic profiling by mass spectrometry	1	1	label free sample	NT=TripleTOF 6600;AC=MS:1002533	NT=Trypsin;AC=MS:1001251	NT=Carbamidomethyl;AC=UNIMOD:4;TA=C;MT=Fixed	Data-independent acquisition	400	1200	25	SWATH-MS	181221.zip	v1.1.0	NT=ms-proteomics;VV=v1.1.0	NT=human;VV=v1.1.0	NT=cell-lines;VV=v1.1.0	NT=dia-acquisition;VV=v1.1.0	neoplasm
cancer cell line batch 181222	Homo sapiens	not available	neoplasm	not available	cell line	17	run 17	proteomic profiling by mass spectrometry	1	1	label free sample	NT=TripleTOF 6600;AC=MS:1002533	NT=Trypsin;AC=MS:1001251	NT=Carbamidomethyl;AC=UNIMOD:4;TA=C;MT=Fixed	Data-independent acquisition	400	1200	25	SWATH-MS	181222.zip	v1.1.0	NT=ms-proteomics;VV=v1.1.0	NT=human;VV=v1.1.0	NT=cell-lines;VV=v1.1.0	NT=dia-acquisition;VV=v1.1.0	neoplasm
cancer cell line batch 190111	Homo sapiens	not available	neoplasm	not available	cell line	18	run 18	proteomic profiling by mass spectrometry	1	1	label free sample	NT=TripleTOF 6600;AC=MS:1002533	NT=Trypsin;AC=MS:1001251	NT=Carbamidomethyl;AC=UNIMOD:4;TA=C;MT=Fixed	Data-independent acquisition	400	1200	25	SWATH-MS	190111.zip	v1.1.0	NT=ms-proteomics;VV=v1.1.0	NT=human;VV=v1.1.0	NT=cell-lines;VV=v1.1.0	NT=dia-acquisition;VV=v1.1.0	neoplasm
cancer cell line batch 190115	Homo sapiens	not available	neoplasm	not available	cell line	19	run 19	proteomic profiling by mass spectrometry	1	1	label free sample	NT=TripleTOF 6600;AC=MS:1002533	NT=Trypsin;AC=MS:1001251	NT=Carbamidomethyl;AC=UNIMOD:4;TA=C;MT=Fixed	Data-independent acquisition	400	1200	25	SWATH-MS	190115.zip	v1.1.0	NT=ms-proteomics;VV=v1.1.0	NT=human;VV=v1.1.0	NT=cell-lines;VV=v1.1.0	NT=dia-acquisition;VV=v1.1.0	neoplasm
cancer cell line batch 190118	Homo sapiens	not available	neoplasm	not available	cell line	20	run 20	proteomic profiling by mass spectrometry	1	1	label free sample	NT=TripleTOF 6600;AC=MS:1002533	NT=Trypsin;AC=MS:1001251	NT=Carbamidomethyl;AC=UNIMOD:4;TA=C;MT=Fixed	Data-independent acquisition	400	1200	25	SWATH-MS	190118.zip	v1.1.0	NT=ms-proteomics;VV=v1.1.0	NT=human;VV=v1.1.0	NT=cell-lines;VV=v1.1.0	NT=dia-acquisition;VV=v1.1.0	neoplasm
cancer cell line batch 190120	Homo sapiens	not available	neoplasm	not available	cell line	21	run 21	proteomic profiling by mass spectrometry	1	1	label free sample	NT=TripleTOF 6600;AC=MS:1002533	NT=Trypsin;AC=MS:1001251	NT=Carbamidomethyl;AC=UNIMOD:4;TA=C;MT=Fixed	Data-independent acquisition	400	1200	25	SWATH-MS	190120.zip	v1.1.0	NT=ms-proteomics;VV=v1.1.0	NT=human;VV=v1.1.0	NT=cell-lines;VV=v1.1.0	NT=dia-acquisition;VV=v1.1.0	neoplasm
cancer cell line batch 190123	Homo sapiens	not available	neoplasm	not available	cell line	22	run 22	proteomic profiling by mass spectrometry	1	1	label free sample	NT=TripleTOF 6600;AC=MS:1002533	NT=Trypsin;AC=MS:1001251	NT=Carbamidomethyl;AC=UNIMOD:4;TA=C;MT=Fixed	Data-independent acquisition	400	1200	25	SWATH-MS	190123.zip	v1.1.0	NT=ms-proteomics;VV=v1.1.0	NT=human;VV=v1.1.0	NT=cell-lines;VV=v1.1.0	NT=dia-acquisition;VV=v1.1.0	neoplasm
cancer cell line batch 190124	Homo sapiens	not available	neoplasm	not available	cell line	23	run 23	proteomic profiling by mass spectrometry	1	1	label free sample	NT=TripleTOF 6600;AC=MS:1002533	NT=Trypsin;AC=MS:1001251	NT=Carbamidomethyl;AC=UNIMOD:4;TA=C;MT=Fixed	Data-independent acquisition	400	1200	25	SWATH-MS	190124.zip	v1.1.0	NT=ms-proteomics;VV=v1.1.0	NT=human;VV=v1.1.0	NT=cell-lines;VV=v1.1.0	NT=dia-acquisition;VV=v1.1.0	neoplasm
cancer cell line batch 190127	Homo sapiens	not available	neoplasm	not available	cell line	24	run 24	proteomic profiling by mass spectrometry	1	1	label free sample	NT=TripleTOF 6600;AC=MS:1002533	NT=Trypsin;AC=MS:1001251	NT=Carbamidomethyl;AC=UNIMOD:4;TA=C;MT=Fixed	Data-independent acquisition	400	1200	25	SWATH-MS	190127.zip	v1.1.0	NT=ms-proteomics;VV=v1.1.0	NT=human;VV=v1.1.0	NT=cell-lines;VV=v1.1.0	NT=dia-acquisition;VV=v1.1.0	neoplasm
cancer cell line batch 190131	Homo sapiens	not available	neoplasm	not available	cell line	25	run 25	proteomic profiling by mass spectrometry	1	1	label free sample	NT=TripleTOF 6600;AC=MS:1002533	NT=Trypsin;AC=MS:1001251	NT=Carbamidomethyl;AC=UNIMOD:4;TA=C;MT=Fixed	Data-independent acquisition	400	1200	25	SWATH-MS	190131.zip	v1.1.0	NT=ms-proteomics;VV=v1.1.0	NT=human;VV=v1.1.0	NT=cell-lines;VV=v1.1.0	NT=dia-acquisition;VV=v1.1.0	neoplasm
cancer cell line batch 190202	Homo sapiens	not available	neoplasm	not available	cell line	26	run 26	proteomic profiling by mass spectrometry	1	1	label free sample	NT=TripleTOF 6600;AC=MS:1002533	NT=Trypsin;AC=MS:1001251	NT=Carbamidomethyl;AC=UNIMOD:4;TA=C;MT=Fixed	Data-independent acquisition	400	1200	25	SWATH-MS	190202.zip	v1.1.0	NT=ms-proteomics;VV=v1.1.0	NT=human;VV=v1.1.0	NT=cell-lines;VV=v1.1.0	NT=dia-acquisition;VV=v1.1.0	neoplasm
cancer cell line batch 190204	Homo sapiens	not available	neoplasm	not available	cell line	27	run 27	proteomic profiling by mass spectrometry	1	1	label free sample	NT=TripleTOF 6600;AC=MS:1002533	NT=Trypsin;AC=MS:1001251	NT=Carbamidomethyl;AC=UNIMOD:4;TA=C;MT=Fixed	Data-independent acquisition	400	1200	25	SWATH-MS	190204.zip	v1.1.0	NT=ms-proteomics;VV=v1.1.0	NT=human;VV=v1.1.0	NT=cell-lines;VV=v1.1.0	NT=dia-acquisition;VV=v1.1.0	neoplasm
cancer cell line batch 190331	Homo sapiens	not available	neoplasm	not available	cell line	28	run 28	proteomic profiling by mass spectrometry	1	1	label free sample	NT=TripleTOF 6600;AC=MS:1002533	NT=Trypsin;AC=MS:1001251	NT=Carbamidomethyl;AC=UNIMOD:4;TA=C;MT=Fixed	Data-independent acquisition	400	1200	25	SWATH-MS	190331.zip	v1.1.0	NT=ms-proteomics;VV=v1.1.0	NT=human;VV=v1.1.0	NT=cell-lines;VV=v1.1.0	NT=dia-acquisition;VV=v1.1.0	neoplasm
cancer cell line batch 190503	Homo sapiens	not available	neoplasm	not available	cell line	29	run 29	proteomic profiling by mass spectrometry	1	1	label free sample	NT=TripleTOF 6600;AC=MS:1002533	NT=Trypsin;AC=MS:1001251	NT=Carbamidomethyl;AC=UNIMOD:4;TA=C;MT=Fixed	Data-independent acquisition	400	1200	25	SWATH-MS	190503.zip	v1.1.0	NT=ms-proteomics;VV=v1.1.0	NT=human;VV=v1.1.0	NT=cell-lines;VV=v1.1.0	NT=dia-acquisition;VV=v1.1.0	neoplasm
cancer cell line batch 190510	Homo sapiens	not available	neoplasm	not available	cell line	30	run 30	proteomic profiling by mass spectrometry	1	1	label free sample	NT=TripleTOF 6600;AC=MS:1002533	NT=Trypsin;AC=MS:1001251	NT=Carbamidomethyl;AC=UNIMOD:4;TA=C;MT=Fixed	Data-independent acquisition	400	1200	25	SWATH-MS	190510.zip	v1.1.0	NT=ms-proteomics;VV=v1.1.0	NT=human;VV=v1.1.0	NT=cell-lines;VV=v1.1.0	NT=dia-acquisition;VV=v1.1.0	neoplasm
cancer cell line batch 190512	Homo sapiens	not available	neoplasm	not available	cell line	31	run 31	proteomic profiling by mass spectrometry	1	1	label free sample	NT=TripleTOF 6600;AC=MS:1002533	NT=Trypsin;AC=MS:1001251	NT=Carbamidomethyl;AC=UNIMOD:4;TA=C;MT=Fixed	Data-independent acquisition	400	1200	25	SWATH-MS	190512.zip	v1.1.0	NT=ms-proteomics;VV=v1.1.0	NT=human;VV=v1.1.0	NT=cell-lines;VV=v1.1.0	NT=dia-acquisition;VV=v1.1.0	neoplasm
cancer cell line batch 190518	Homo sapiens	not available	neoplasm	not available	cell line	32	run 32	proteomic profiling by mass spectrometry	1	1	label free sample	NT=TripleTOF 6600;AC=MS:1002533	NT=Trypsin;AC=MS:1001251	NT=Carbamidomethyl;AC=UNIMOD:4;TA=C;MT=Fixed	Data-independent acquisition	400	1200	25	SWATH-MS	190518.zip	v1.1.0	NT=ms-proteomics;VV=v1.1.0	NT=human;VV=v1.1.0	NT=cell-lines;VV=v1.1.0	NT=dia-acquisition;VV=v1.1.0	neoplasm
cancer cell line batch 190525	Homo sapiens	not available	neoplasm	not available	cell line	33	run 33	proteomic profiling by mass spectrometry	1	1	label free sample	NT=TripleTOF 6600;AC=MS:1002533	NT=Trypsin;AC=MS:1001251	NT=Carbamidomethyl;AC=UNIMOD:4;TA=C;MT=Fixed	Data-independent acquisition	400	1200	25	SWATH-MS	190525.zip	v1.1.0	NT=ms-proteomics;VV=v1.1.0	NT=human;VV=v1.1.0	NT=cell-lines;VV=v1.1.0	NT=dia-acquisition;VV=v1.1.0	neoplasm
cancer cell line batch 190526	Homo sapiens	not available	neoplasm	not available	cell line	34	run 34	proteomic profiling by mass spectrometry	1	1	label free sample	NT=TripleTOF 6600;AC=MS:1002533	NT=Trypsin;AC=MS:1001251	NT=Carbamidomethyl;AC=UNIMOD:4;TA=C;MT=Fixed	Data-independent acquisition	400	1200	25	SWATH-MS	190526.zip	v1.1.0	NT=ms-proteomics;VV=v1.1.0	NT=human;VV=v1.1.0	NT=cell-lines;VV=v1.1.0	NT=dia-acquisition;VV=v1.1.0	neoplasm
cancer cell line batch 190529	Homo sapiens	not available	neoplasm	not available	cell line	35	run 35	proteomic profiling by mass spectrometry	1	1	label free sample	NT=TripleTOF 6600;AC=MS:1002533	NT=Trypsin;AC=MS:1001251	NT=Carbamidomethyl;AC=UNIMOD:4;TA=C;MT=Fixed	Data-independent acquisition	400	1200	25	SWATH-MS	190529.zip	v1.1.0	NT=ms-proteomics;VV=v1.1.0	NT=human;VV=v1.1.0	NT=cell-lines;VV=v1.1.0	NT=dia-acquisition;VV=v1.1.0	neoplasm
cancer cell line batch 190602	Homo sapiens	not available	neoplasm	not available	cell line	36	run 36	proteomic profiling by mass spectrometry	1	1	label free sample	NT=TripleTOF 6600;AC=MS:1002533	NT=Trypsin;AC=MS:1001251	NT=Carbamidomethyl;AC=UNIMOD:4;TA=C;MT=Fixed	Data-independent acquisition	400	1200	25	SWATH-MS	190602.zip	v1.1.0	NT=ms-proteomics;VV=v1.1.0	NT=human;VV=v1.1.0	NT=cell-lines;VV=v1.1.0	NT=dia-acquisition;VV=v1.1.0	neoplasm
cancer cell line batch 190603	Homo sapiens	not available	neoplasm	not available	cell line	37	run 37	proteomic profiling by mass spectrometry	1	1	label free sample	NT=TripleTOF 6600;AC=MS:1002533	NT=Trypsin;AC=MS:1001251	NT=Carbamidomethyl;AC=UNIMOD:4;TA=C;MT=Fixed	Data-independent acquisition	400	1200	25	SWATH-MS	190603.zip	v1.1.0	NT=ms-proteomics;VV=v1.1.0	NT=human;VV=v1.1.0	NT=cell-lines;VV=v1.1.0	NT=dia-acquisition;VV=v1.1.0	neoplasm
cancer cell line batch 190609	Homo sapiens	not available	neoplasm	not available	cell line	38	run 38	proteomic profiling by mass spectrometry	1	1	label free sample	NT=TripleTOF 6600;AC=MS:1002533	NT=Trypsin;AC=MS:1001251	NT=Carbamidomethyl;AC=UNIMOD:4;TA=C;MT=Fixed	Data-independent acquisition	400	1200	25	SWATH-MS	190609.zip	v1.1.0	NT=ms-proteomics;VV=v1.1.0	NT=human;VV=v1.1.0	NT=cell-lines;VV=v1.1.0	NT=dia-acquisition;VV=v1.1.0	neoplasm
cancer cell line batch 190614	Homo sapiens	not available	neoplasm	not available	cell line	39	run 39	proteomic profiling by mass spectrometry	1	1	label free sample	NT=TripleTOF 6600;AC=MS:1002533	NT=Trypsin;AC=MS:1001251	NT=Carbamidomethyl;AC=UNIMOD:4;TA=C;MT=Fixed	Data-independent acquisition	400	1200	25	SWATH-MS	190614.zip	v1.1.0	NT=ms-proteomics;VV=v1.1.0	NT=human;VV=v1.1.0	NT=cell-lines;VV=v1.1.0	NT=dia-acquisition;VV=v1.1.0	neoplasm
cancer cell line batch 190618	Homo sapiens	not available	neoplasm	not available	cell line	40	run 40	proteomic profiling by mass spectrometry	1	1	label free sample	NT=TripleTOF 6600;AC=MS:1002533	NT=Trypsin;AC=MS:1001251	NT=Carbamidomethyl;AC=UNIMOD:4;TA=C;MT=Fixed	Data-independent acquisition	400	1200	25	SWATH-MS	190618.zip	v1.1.0	NT=ms-proteomics;VV=v1.1.0	NT=human;VV=v1.1.0	NT=cell-lines;VV=v1.1.0	NT=dia-acquisition;VV=v1.1.0	neoplasm
cancer cell line batch 190702	Homo sapiens	not available	neoplasm	not available	cell line	41	run 41	proteomic profiling by mass spectrometry	1	1	label free sample	NT=TripleTOF 6600;AC=MS:1002533	NT=Trypsin;AC=MS:1001251	NT=Carbamidomethyl;AC=UNIMOD:4;TA=C;MT=Fixed	Data-independent acquisition	400	1200	25	SWATH-MS	190702.zip	v1.1.0	NT=ms-proteomics;VV=v1.1.0	NT=human;VV=v1.1.0	NT=cell-lines;VV=v1.1.0	NT=dia-acquisition;VV=v1.1.0	neoplasm
cancer cell line batch 190704	Homo sapiens	not available	neoplasm	not available	cell line	42	run 42	proteomic profiling by mass spectrometry	1	1	label free sample	NT=TripleTOF 6600;AC=MS:1002533	NT=Trypsin;AC=MS:1001251	NT=Carbamidomethyl;AC=UNIMOD:4;TA=C;MT=Fixed	Data-independent acquisition	400	1200	25	SWATH-MS	190704.zip	v1.1.0	NT=ms-proteomics;VV=v1.1.0	NT=human;VV=v1.1.0	NT=cell-lines;VV=v1.1.0	NT=dia-acquisition;VV=v1.1.0	neoplasm
cancer cell line batch 190707	Homo sapiens	not available	neoplasm	not available	cell line	43	run 43	proteomic profiling by mass spectrometry	1	1	label free sample	NT=TripleTOF 6600;AC=MS:1002533	NT=Trypsin;AC=MS:1001251	NT=Carbamidomethyl;AC=UNIMOD:4;TA=C;MT=Fixed	Data-independent acquisition	400	1200	25	SWATH-MS	190707.zip	v1.1.0	NT=ms-proteomics;VV=v1.1.0	NT=human;VV=v1.1.0	NT=cell-lines;VV=v1.1.0	NT=dia-acquisition;VV=v1.1.0	neoplasm
cancer cell line batch 190715	Homo sapiens	not available	neoplasm	not available	cell line	44	run 44	proteomic profiling by mass spectrometry	1	1	label free sample	NT=TripleTOF 6600;AC=MS:1002533	NT=Trypsin;AC=MS:1001251	NT=Carbamidomethyl;AC=UNIMOD:4;TA=C;MT=Fixed	Data-independent acquisition	400	1200	25	SWATH-MS	190715.zip	v1.1.0	NT=ms-proteomics;VV=v1.1.0	NT=human;VV=v1.1.0	NT=cell-lines;VV=v1.1.0	NT=dia-acquisition;VV=v1.1.0	neoplasm
cancer cell line batch 190716	Homo sapiens	not available	neoplasm	not available	cell line	45	run 45	proteomic profiling by mass spectrometry	1	1	label free sample	NT=TripleTOF 6600;AC=MS:1002533	NT=Trypsin;AC=MS:1001251	NT=Carbamidomethyl;AC=UNIMOD:4;TA=C;MT=Fixed	Data-independent acquisition	400	1200	25	SWATH-MS	190716.zip	v1.1.0	NT=ms-proteomics;VV=v1.1.0	NT=human;VV=v1.1.0	NT=cell-lines;VV=v1.1.0	NT=dia-acquisition;VV=v1.1.0	neoplasm
cancer cell line batch 190721	Homo sapiens	not available	neoplasm	not available	cell line	46	run 46	proteomic profiling by mass spectrometry	1	1	label free sample	NT=TripleTOF 6600;AC=MS:1002533	NT=Trypsin;AC=MS:1001251	NT=Carbamidomethyl;AC=UNIMOD:4;TA=C;MT=Fixed	Data-independent acquisition	400	1200	25	SWATH-MS	190721.zip	v1.1.0	NT=ms-proteomics;VV=v1.1.0	NT=human;VV=v1.1.0	NT=cell-lines;VV=v1.1.0	NT=dia-acquisition;VV=v1.1.0	neoplasm
cancer cell line batch 190722	Homo sapiens	not available	neoplasm	not available	cell line	47	run 47	proteomic profiling by mass spectrometry	1	1	label free sample	NT=TripleTOF 6600;AC=MS:1002533	NT=Trypsin;AC=MS:1001251	NT=Carbamidomethyl;AC=UNIMOD:4;TA=C;MT=Fixed	Data-independent acquisition	400	1200	25	SWATH-MS	190722.zip	v1.1.0	NT=ms-proteomics;VV=v1.1.0	NT=human;VV=v1.1.0	NT=cell-lines;VV=v1.1.0	NT=dia-acquisition;VV=v1.1.0	neoplasm
cancer cell line batch 190728	Homo sapiens	not available	neoplasm	not available	cell line	48	run 48	proteomic profiling by mass spectrometry	1	1	label free sample	NT=TripleTOF 6600;AC=MS:1002533	NT=Trypsin;AC=MS:1001251	NT=Carbamidomethyl;AC=UNIMOD:4;TA=C;MT=Fixed	Data-independent acquisition	400	1200	25	SWATH-MS	190728.zip	v1.1.0	NT=ms-proteomics;VV=v1.1.0	NT=human;VV=v1.1.0	NT=cell-lines;VV=v1.1.0	NT=dia-acquisition;VV=v1.1.0	neoplasm
cancer cell line batch 190801	Homo sapiens	not available	neoplasm	not available	cell line	49	run 49	proteomic profiling by mass spectrometry	1	1	label free sample	NT=TripleTOF 6600;AC=MS:1002533	NT=Trypsin;AC=MS:1001251	NT=Carbamidomethyl;AC=UNIMOD:4;TA=C;MT=Fixed	Data-independent acquisition	400	1200	25	SWATH-MS	190801.zip	v1.1.0	NT=ms-proteomics;VV=v1.1.0	NT=human;VV=v1.1.0	NT=cell-lines;VV=v1.1.0	NT=dia-acquisition;VV=v1.1.0	neoplasm
cancer cell line batch 190803	Homo sapiens	not available	neoplasm	not available	cell line	50	run 50	proteomic profiling by mass spectrometry	1	1	label free sample	NT=TripleTOF 6600;AC=MS:1002533	NT=Trypsin;AC=MS:1001251	NT=Carbamidomethyl;AC=UNIMOD:4;TA=C;MT=Fixed	Data-independent acquisition	400	1200	25	SWATH-MS	190803.zip	v1.1.0	NT=ms-proteomics;VV=v1.1.0	NT=human;VV=v1.1.0	NT=cell-lines;VV=v1.1.0	NT=dia-acquisition;VV=v1.1.0	neoplasm
cancer cell line batch 190808	Homo sapiens	not available	neoplasm	not available	cell line	51	run 51	proteomic profiling by mass spectrometry	1	1	label free sample	NT=TripleTOF 6600;AC=MS:1002533	NT=Trypsin;AC=MS:1001251	NT=Carbamidomethyl;AC=UNIMOD:4;TA=C;MT=Fixed	Data-independent acquisition	400	1200	25	SWATH-MS	190808.zip	v1.1.0	NT=ms-proteomics;VV=v1.1.0	NT=human;VV=v1.1.0	NT=cell-lines;VV=v1.1.0	NT=dia-acquisition;VV=v1.1.0	neoplasm
cancer cell line batch 190812	Homo sapiens	not available	neoplasm	not available	cell line	52	run 52	proteomic profiling by mass spectrometry	1	1	label free sample	NT=TripleTOF 6600;AC=MS:1002533	NT=Trypsin;AC=MS:1001251	NT=Carbamidomethyl;AC=UNIMOD:4;TA=C;MT=Fixed	Data-independent acquisition	400	1200	25	SWATH-MS	190812.zip	v1.1.0	NT=ms-proteomics;VV=v1.1.0	NT=human;VV=v1.1.0	NT=cell-lines;VV=v1.1.0	NT=dia-acquisition;VV=v1.1.0	neoplasm
cancer cell line batch 190816	Homo sapiens	not available	neoplasm	not available	cell line	53	run 53	proteomic profiling by mass spectrometry	1	1	label free sample	NT=TripleTOF 6600;AC=MS:1002533	NT=Trypsin;AC=MS:1001251	NT=Carbamidomethyl;AC=UNIMOD:4;TA=C;MT=Fixed	Data-independent acquisition	400	1200	25	SWATH-MS	190816.zip	v1.1.0	NT=ms-proteomics;VV=v1.1.0	NT=human;VV=v1.1.0	NT=cell-lines;VV=v1.1.0	NT=dia-acquisition;VV=v1.1.0	neoplasm
cancer cell line batch 190818	Homo sapiens	not available	neoplasm	not available	cell line	54	run 54	proteomic profiling by mass spectrometry	1	1	label free sample	NT=TripleTOF 6600;AC=MS:1002533	NT=Trypsin;AC=MS:1001251	NT=Carbamidomethyl;AC=UNIMOD:4;TA=C;MT=Fixed	Data-independent acquisition	400	1200	25	SWATH-MS	190818.zip	v1.1.0	NT=ms-proteomics;VV=v1.1.0	NT=human;VV=v1.1.0	NT=cell-lines;VV=v1.1.0	NT=dia-acquisition;VV=v1.1.0	neoplasm
cancer cell line batch 190819	Homo sapiens	not available	neoplasm	not available	cell line	55	run 55	proteomic profiling by mass spectrometry	1	1	label free sample	NT=TripleTOF 6600;AC=MS:1002533	NT=Trypsin;AC=MS:1001251	NT=Carbamidomethyl;AC=UNIMOD:4;TA=C;MT=Fixed	Data-independent acquisition	400	1200	25	SWATH-MS	190819.zip	v1.1.0	NT=ms-proteomics;VV=v1.1.0	NT=human;VV=v1.1.0	NT=cell-lines;VV=v1.1.0	NT=dia-acquisition;VV=v1.1.0	neoplasm
cancer cell line batch 190821	Homo sapiens	not available	neoplasm	not available	cell line	56	run 56	proteomic profiling by mass spectrometry	1	1	label free sample	NT=TripleTOF 6600;AC=MS:1002533	NT=Trypsin;AC=MS:1001251	NT=Carbamidomethyl;AC=UNIMOD:4;TA=C;MT=Fixed	Data-independent acquisition	400	1200	25	SWATH-MS	190821.zip	v1.1.0	NT=ms-proteomics;VV=v1.1.0	NT=human;VV=v1.1.0	NT=cell-lines;VV=v1.1.0	NT=dia-acquisition;VV=v1.1.0	neoplasm
cancer cell line batch 190826	Homo sapiens	not available	neoplasm	not available	cell line	57	run 57	proteomic profiling by mass spectrometry	1	1	label free sample	NT=TripleTOF 6600;AC=MS:1002533	NT=Trypsin;AC=MS:1001251	NT=Carbamidomethyl;AC=UNIMOD:4;TA=C;MT=Fixed	Data-independent acquisition	400	1200	25	SWATH-MS	190826.zip	v1.1.0	NT=ms-proteomics;VV=v1.1.0	NT=human;VV=v1.1.0	NT=cell-lines;VV=v1.1.0	NT=dia-acquisition;VV=v1.1.0	neoplasm
cancer cell line batch 190830	Homo sapiens	not available	neoplasm	not available	cell line	58	run 58	proteomic profiling by mass spectrometry	1	1	label free sample	NT=TripleTOF 6600;AC=MS:1002533	NT=Trypsin;AC=MS:1001251	NT=Carbamidomethyl;AC=UNIMOD:4;TA=C;MT=Fixed	Data-independent acquisition	400	1200	25	SWATH-MS	190830.zip	v1.1.0	NT=ms-proteomics;VV=v1.1.0	NT=human;VV=v1.1.0	NT=cell-lines;VV=v1.1.0	NT=dia-acquisition;VV=v1.1.0	neoplasm
cancer cell line batch 190903	Homo sapiens	not available	neoplasm	not available	cell line	59	run 59	proteomic profiling by mass spectrometry	1	1	label free sample	NT=TripleTOF 6600;AC=MS:1002533	NT=Trypsin;AC=MS:1001251	NT=Carbamidomethyl;AC=UNIMOD:4;TA=C;MT=Fixed	Data-independent acquisition	400	1200	25	SWATH-MS	190903.zip	v1.1.0	NT=ms-proteomics;VV=v1.1.0	NT=human;VV=v1.1.0	NT=cell-lines;VV=v1.1.0	NT=dia-acquisition;VV=v1.1.0	neoplasm
cancer cell line batch 190907	Homo sapiens	not available	neoplasm	not available	cell line	60	run 60	proteomic profiling by mass spectrometry	1	1	label free sample	NT=TripleTOF 6600;AC=MS:1002533	NT=Trypsin;AC=MS:1001251	NT=Carbamidomethyl;AC=UNIMOD:4;TA=C;MT=Fixed	Data-independent acquisition	400	1200	25	SWATH-MS	190907.zip	v1.1.0	NT=ms-proteomics;VV=v1.1.0	NT=human;VV=v1.1.0	NT=cell-lines;VV=v1.1.0	NT=dia-acquisition;VV=v1.1.0	neoplasm
cancer cell line batch 190909	Homo sapiens	not available	neoplasm	not available	cell line	61	run 61	proteomic profiling by mass spectrometry	1	1	label free sample	NT=TripleTOF 6600;AC=MS:1002533	NT=Trypsin;AC=MS:1001251	NT=Carbamidomethyl;AC=UNIMOD:4;TA=C;MT=Fixed	Data-independent acquisition	400	1200	25	SWATH-MS	190909.zip	v1.1.0	NT=ms-proteomics;VV=v1.1.0	NT=human;VV=v1.1.0	NT=cell-lines;VV=v1.1.0	NT=dia-acquisition;VV=v1.1.0	neoplasm
cancer cell line batch 190911	Homo sapiens	not available	neoplasm	not available	cell line	62	run 62	proteomic profiling by mass spectrometry	1	1	label free sample	NT=TripleTOF 6600;AC=MS:1002533	NT=Trypsin;AC=MS:1001251	NT=Carbamidomethyl;AC=UNIMOD:4;TA=C;MT=Fixed	Data-independent acquisition	400	1200	25	SWATH-MS	190911.zip	v1.1.0	NT=ms-proteomics;VV=v1.1.0	NT=human;VV=v1.1.0	NT=cell-lines;VV=v1.1.0	NT=dia-acquisition;VV=v1.1.0	neoplasm
cancer cell line batch 190920	Homo sapiens	not available	neoplasm	not available	cell line	63	run 63	proteomic profiling by mass spectrometry	1	1	label free sample	NT=TripleTOF 6600;AC=MS:1002533	NT=Trypsin;AC=MS:1001251	NT=Carbamidomethyl;AC=UNIMOD:4;TA=C;MT=Fixed	Data-independent acquisition	400	1200	25	SWATH-MS	190920.zip	v1.1.0	NT=ms-proteomics;VV=v1.1.0	NT=human;VV=v1.1.0	NT=cell-lines;VV=v1.1.0	NT=dia-acquisition;VV=v1.1.0	neoplasm
cancer cell line batch 190922	Homo sapiens	not available	neoplasm	not available	cell line	64	run 64	proteomic profiling by mass spectrometry	1	1	label free sample	NT=TripleTOF 6600;AC=MS:1002533	NT=Trypsin;AC=MS:1001251	NT=Carbamidomethyl;AC=UNIMOD:4;TA=C;MT=Fixed	Data-independent acquisition	400	1200	25	SWATH-MS	190922.zip	v1.1.0	NT=ms-proteomics;VV=v1.1.0	NT=human;VV=v1.1.0	NT=cell-lines;VV=v1.1.0	NT=dia-acquisition;VV=v1.1.0	neoplasm
cancer cell line batch 190925	Homo sapiens	not available	neoplasm	not available	cell line	65	run 65	proteomic profiling by mass spectrometry	1	1	label free sample	NT=TripleTOF 6600;AC=MS:1002533	NT=Trypsin;AC=MS:1001251	NT=Carbamidomethyl;AC=UNIMOD:4;TA=C;MT=Fixed	Data-independent acquisition	400	1200	25	SWATH-MS	190925.zip	v1.1.0	NT=ms-proteomics;VV=v1.1.0	NT=human;VV=v1.1.0	NT=cell-lines;VV=v1.1.0	NT=dia-acquisition;VV=v1.1.0	neoplasm
cancer cell line batch 190929	Homo sapiens	not available	neoplasm	not available	cell line	66	run 66	proteomic profiling by mass spectrometry	1	1	label free sample	NT=TripleTOF 6600;AC=MS:1002533	NT=Trypsin;AC=MS:1001251	NT=Carbamidomethyl;AC=UNIMOD:4;TA=C;MT=Fixed	Data-independent acquisition	400	1200	25	SWATH-MS	190929.zip	v1.1.0	NT=ms-proteomics;VV=v1.1.0	NT=human;VV=v1.1.0	NT=cell-lines;VV=v1.1.0	NT=dia-acquisition;VV=v1.1.0	neoplasm
cancer cell line batch 191005	Homo sapiens	not available	neoplasm	not available	cell line	67	run 67	proteomic profiling by mass spectrometry	1	1	label free sample	NT=TripleTOF 6600;AC=MS:1002533	NT=Trypsin;AC=MS:1001251	NT=Carbamidomethyl;AC=UNIMOD:4;TA=C;MT=Fixed	Data-independent acquisition	400	1200	25	SWATH-MS	191005.zip	v1.1.0	NT=ms-proteomics;VV=v1.1.0	NT=human;VV=v1.1.0	NT=cell-lines;VV=v1.1.0	NT=dia-acquisition;VV=v1.1.0	neoplasm
cancer cell line batch 191011	Homo sapiens	not available	neoplasm	not available	cell line	68	run 68	proteomic profiling by mass spectrometry	1	1	label free sample	NT=TripleTOF 6600;AC=MS:1002533	NT=Trypsin;AC=MS:1001251	NT=Carbamidomethyl;AC=UNIMOD:4;TA=C;MT=Fixed	Data-independent acquisition	400	1200	25	SWATH-MS	191011.zip	v1.1.0	NT=ms-proteomics;VV=v1.1.0	NT=human;VV=v1.1.0	NT=cell-lines;VV=v1.1.0	NT=dia-acquisition;VV=v1.1.0	neoplasm
cancer cell line batch 191012	Homo sapiens	not available	neoplasm	not available	cell line	69	run 69	proteomic profiling by mass spectrometry	1	1	label free sample	NT=TripleTOF 6600;AC=MS:1002533	NT=Trypsin;AC=MS:1001251	NT=Carbamidomethyl;AC=UNIMOD:4;TA=C;MT=Fixed	Data-independent acquisition	400	1200	25	SWATH-MS	191012.zip	v1.1.0	NT=ms-proteomics;VV=v1.1.0	NT=human;VV=v1.1.0	NT=cell-lines;VV=v1.1.0	NT=dia-acquisition;VV=v1.1.0	neoplasm
cancer cell line batch 191015	Homo sapiens	not available	neoplasm	not available	cell line	70	run 70	proteomic profiling by mass spectrometry	1	1	label free sample	NT=TripleTOF 6600;AC=MS:1002533	NT=Trypsin;AC=MS:1001251	NT=Carbamidomethyl;AC=UNIMOD:4;TA=C;MT=Fixed	Data-independent acquisition	400	1200	25	SWATH-MS	191015.zip	v1.1.0	NT=ms-proteomics;VV=v1.1.0	NT=human;VV=v1.1.0	NT=cell-lines;VV=v1.1.0	NT=dia-acquisition;VV=v1.1.0	neoplasm
cancer cell line batch 191017	Homo sapiens	not available	neoplasm	not available	cell line	71	run 71	proteomic profiling by mass spectrometry	1	1	label free sample	NT=TripleTOF 6600;AC=MS:1002533	NT=Trypsin;AC=MS:1001251	NT=Carbamidomethyl;AC=UNIMOD:4;TA=C;MT=Fixed	Data-independent acquisition	400	1200	25	SWATH-MS	191017.zip	v1.1.0	NT=ms-proteomics;VV=v1.1.0	NT=human;VV=v1.1.0	NT=cell-lines;VV=v1.1.0	NT=dia-acquisition;VV=v1.1.0	neoplasm
cancer cell line batch 191021	Homo sapiens	not available	neoplasm	not available	cell line	72	run 72	proteomic profiling by mass spectrometry	1	1	label free sample	NT=TripleTOF 6600;AC=MS:1002533	NT=Trypsin;AC=MS:1001251	NT=Carbamidomethyl;AC=UNIMOD:4;TA=C;MT=Fixed	Data-independent acquisition	400	1200	25	SWATH-MS	191021.zip	v1.1.0	NT=ms-proteomics;VV=v1.1.0	NT=human;VV=v1.1.0	NT=cell-lines;VV=v1.1.0	NT=dia-acquisition;VV=v1.1.0	neoplasm
cancer cell line batch 191022	Homo sapiens	not available	neoplasm	not available	cell line	73	run 73	proteomic profiling by mass spectrometry	1	1	label free sample	NT=TripleTOF 6600;AC=MS:1002533	NT=Trypsin;AC=MS:1001251	NT=Carbamidomethyl;AC=UNIMOD:4;TA=C;MT=Fixed	Data-independent acquisition	400	1200	25	SWATH-MS	191022.zip	v1.1.0	NT=ms-proteomics;VV=v1.1.0	NT=human;VV=v1.1.0	NT=cell-lines;VV=v1.1.0	NT=dia-acquisition;VV=v1.1.0	neoplasm
cancer cell line batch 191025	Homo sapiens	not available	neoplasm	not available	cell line	74	run 74	proteomic profiling by mass spectrometry	1	1	label free sample	NT=TripleTOF 6600;AC=MS:1002533	NT=Trypsin;AC=MS:1001251	NT=Carbamidomethyl;AC=UNIMOD:4;TA=C;MT=Fixed	Data-independent acquisition	400	1200	25	SWATH-MS	191025.zip	v1.1.0	NT=ms-proteomics;VV=v1.1.0	NT=human;VV=v1.1.0	NT=cell-lines;VV=v1.1.0	NT=dia-acquisition;VV=v1.1.0	neoplasm
cancer cell line batch 191105	Homo sapiens	not available	neoplasm	not available	cell line	75	run 75	proteomic profiling by mass spectrometry	1	1	label free sample	NT=TripleTOF 6600;AC=MS:1002533	NT=Trypsin;AC=MS:1001251	NT=Carbamidomethyl;AC=UNIMOD:4;TA=C;MT=Fixed	Data-independent acquisition	400	1200	25	SWATH-MS	191105.zip	v1.1.0	NT=ms-proteomics;VV=v1.1.0	NT=human;VV=v1.1.0	NT=cell-lines;VV=v1.1.0	NT=dia-acquisition;VV=v1.1.0	neoplasm
cancer cell line batch 191106	Homo sapiens	not available	neoplasm	not available	cell line	76	run 76	proteomic profiling by mass spectrometry	1	1	label free sample	NT=TripleTOF 6600;AC=MS:1002533	NT=Trypsin;AC=MS:1001251	NT=Carbamidomethyl;AC=UNIMOD:4;TA=C;MT=Fixed	Data-independent acquisition	400	1200	25	SWATH-MS	191106.zip	v1.1.0	NT=ms-proteomics;VV=v1.1.0	NT=human;VV=v1.1.0	NT=cell-lines;VV=v1.1.0	NT=dia-acquisition;VV=v1.1.0	neoplasm
cancer cell line batch 191107	Homo sapiens	not available	neoplasm	not available	cell line	77	run 77	proteomic profiling by mass spectrometry	1	1	label free sample	NT=TripleTOF 6600;AC=MS:1002533	NT=Trypsin;AC=MS:1001251	NT=Carbamidomethyl;AC=UNIMOD:4;TA=C;MT=Fixed	Data-independent acquisition	400	1200	25	SWATH-MS	191107.zip	v1.1.0	NT=ms-proteomics;VV=v1.1.0	NT=human;VV=v1.1.0	NT=cell-lines;VV=v1.1.0	NT=dia-acquisition;VV=v1.1.0	neoplasm
cancer cell line batch 191109	Homo sapiens	not available	neoplasm	not available	cell line	78	run 78	proteomic profiling by mass spectrometry	1	1	label free sample	NT=TripleTOF 6600;AC=MS:1002533	NT=Trypsin;AC=MS:1001251	NT=Carbamidomethyl;AC=UNIMOD:4;TA=C;MT=Fixed	Data-independent acquisition	400	1200	25	SWATH-MS	191109.zip	v1.1.0	NT=ms-proteomics;VV=v1.1.0	NT=human;VV=v1.1.0	NT=cell-lines;VV=v1.1.0	NT=dia-acquisition;VV=v1.1.0	neoplasm
cancer cell line batch 191111	Homo sapiens	not available	neoplasm	not available	cell line	79	run 79	proteomic profiling by mass spectrometry	1	1	label free sample	NT=TripleTOF 6600;AC=MS:1002533	NT=Trypsin;AC=MS:1001251	NT=Carbamidomethyl;AC=UNIMOD:4;TA=C;MT=Fixed	Data-independent acquisition	400	1200	25	SWATH-MS	191111.zip	v1.1.0	NT=ms-proteomics;VV=v1.1.0	NT=human;VV=v1.1.0	NT=cell-lines;VV=v1.1.0	NT=dia-acquisition;VV=v1.1.0	neoplasm
cancer cell line batch 191113	Homo sapiens	not available	neoplasm	not available	cell line	80	run 80	proteomic profiling by mass spectrometry	1	1	label free sample	NT=TripleTOF 6600;AC=MS:1002533	NT=Trypsin;AC=MS:1001251	NT=Carbamidomethyl;AC=UNIMOD:4;TA=C;MT=Fixed	Data-independent acquisition	400	1200	25	SWATH-MS	191113.zip	v1.1.0	NT=ms-proteomics;VV=v1.1.0	NT=human;VV=v1.1.0	NT=cell-lines;VV=v1.1.0	NT=dia-acquisition;VV=v1.1.0	neoplasm
cancer cell line batch 191114	Homo sapiens	not available	neoplasm	not available	cell line	81	run 81	proteomic profiling by mass spectrometry	1	1	label free sample	NT=TripleTOF 6600;AC=MS:1002533	NT=Trypsin;AC=MS:1001251	NT=Carbamidomethyl;AC=UNIMOD:4;TA=C;MT=Fixed	Data-independent acquisition	400	1200	25	SWATH-MS	191114.zip	v1.1.0	NT=ms-proteomics;VV=v1.1.0	NT=human;VV=v1.1.0	NT=cell-lines;VV=v1.1.0	NT=dia-acquisition;VV=v1.1.0	neoplasm
cancer cell line batch 191117	Homo sapiens	not available	neoplasm	not available	cell line	82	run 82	proteomic profiling by mass spectrometry	1	1	label free sample	NT=TripleTOF 6600;AC=MS:1002533	NT=Trypsin;AC=MS:1001251	NT=Carbamidomethyl;AC=UNIMOD:4;TA=C;MT=Fixed	Data-independent acquisition	400	1200	25	SWATH-MS	191117.zip	v1.1.0	NT=ms-proteomics;VV=v1.1.0	NT=human;VV=v1.1.0	NT=cell-lines;VV=v1.1.0	NT=dia-acquisition;VV=v1.1.0	neoplasm
cancer cell line batch 191121	Homo sapiens	not available	neoplasm	not available	cell line	83	run 83	proteomic profiling by mass spectrometry	1	1	label free sample	NT=TripleTOF 6600;AC=MS:1002533	NT=Trypsin;AC=MS:1001251	NT=Carbamidomethyl;AC=UNIMOD:4;TA=C;MT=Fixed	Data-independent acquisition	400	1200	25	SWATH-MS	191121.zip	v1.1.0	NT=ms-proteomics;VV=v1.1.0	NT=human;VV=v1.1.0	NT=cell-lines;VV=v1.1.0	NT=dia-acquisition;VV=v1.1.0	neoplasm
cancer cell line batch 191129	Homo sapiens	not available	neoplasm	not available	cell line	84	run 84	proteomic profiling by mass spectrometry	1	1	label free sample	NT=TripleTOF 6600;AC=MS:1002533	NT=Trypsin;AC=MS:1001251	NT=Carbamidomethyl;AC=UNIMOD:4;TA=C;MT=Fixed	Data-independent acquisition	400	1200	25	SWATH-MS	191129.zip	v1.1.0	NT=ms-proteomics;VV=v1.1.0	NT=human;VV=v1.1.0	NT=cell-lines;VV=v1.1.0	NT=dia-acquisition;VV=v1.1.0	neoplasm
cancer cell line batch 191202	Homo sapiens	not available	neoplasm	not available	cell line	85	run 85	proteomic profiling by mass spectrometry	1	1	label free sample	NT=TripleTOF 6600;AC=MS:1002533	NT=Trypsin;AC=MS:1001251	NT=Carbamidomethyl;AC=UNIMOD:4;TA=C;MT=Fixed	Data-independent acquisition	400	1200	25	SWATH-MS	191202.zip	v1.1.0	NT=ms-proteomics;VV=v1.1.0	NT=human;VV=v1.1.0	NT=cell-lines;VV=v1.1.0	NT=dia-acquisition;VV=v1.1.0	neoplasm
cancer cell line batch 191204	Homo sapiens	not available	neoplasm	not available	cell line	86	run 86	proteomic profiling by mass spectrometry	1	1	label free sample	NT=TripleTOF 6600;AC=MS:1002533	NT=Trypsin;AC=MS:1001251	NT=Carbamidomethyl;AC=UNIMOD:4;TA=C;MT=Fixed	Data-independent acquisition	400	1200	25	SWATH-MS	191204.zip	v1.1.0	NT=ms-proteomics;VV=v1.1.0	NT=human;VV=v1.1.0	NT=cell-lines;VV=v1.1.0	NT=dia-acquisition;VV=v1.1.0	neoplasm
cancer cell line batch 191206	Homo sapiens	not available	neoplasm	not available	cell line	87	run 87	proteomic profiling by mass spectrometry	1	1	label free sample	NT=TripleTOF 6600;AC=MS:1002533	NT=Trypsin;AC=MS:1001251	NT=Carbamidomethyl;AC=UNIMOD:4;TA=C;MT=Fixed	Data-independent acquisition	400	1200	25	SWATH-MS	191206.zip	v1.1.0	NT=ms-proteomics;VV=v1.1.0	NT=human;VV=v1.1.0	NT=cell-lines;VV=v1.1.0	NT=dia-acquisition;VV=v1.1.0	neoplasm
cancer cell line batch 191207	Homo sapiens	not available	neoplasm	not available	cell line	88	run 88	proteomic profiling by mass spectrometry	1	1	label free sample	NT=TripleTOF 6600;AC=MS:1002533	NT=Trypsin;AC=MS:1001251	NT=Carbamidomethyl;AC=UNIMOD:4;TA=C;MT=Fixed	Data-independent acquisition	400	1200	25	SWATH-MS	191207.zip	v1.1.0	NT=ms-proteomics;VV=v1.1.0	NT=human;VV=v1.1.0	NT=cell-lines;VV=v1.1.0	NT=dia-acquisition;VV=v1.1.0	neoplasm
cancer cell line batch 191208	Homo sapiens	not available	neoplasm	not available	cell line	89	run 89	proteomic profiling by mass spectrometry	1	1	label free sample	NT=TripleTOF 6600;AC=MS:1002533	NT=Trypsin;AC=MS:1001251	NT=Carbamidomethyl;AC=UNIMOD:4;TA=C;MT=Fixed	Data-independent acquisition	400	1200	25	SWATH-MS	191208.zip	v1.1.0	NT=ms-proteomics;VV=v1.1.0	NT=human;VV=v1.1.0	NT=cell-lines;VV=v1.1.0	NT=dia-acquisition;VV=v1.1.0	neoplasm
cancer cell line batch 191209	Homo sapiens	not available	neoplasm	not available	cell line	90	run 90	proteomic profiling by mass spectrometry	1	1	label free sample	NT=TripleTOF 6600;AC=MS:1002533	NT=Trypsin;AC=MS:1001251	NT=Carbamidomethyl;AC=UNIMOD:4;TA=C;MT=Fixed	Data-independent acquisition	400	1200	25	SWATH-MS	191209.zip	v1.1.0	NT=ms-proteomics;VV=v1.1.0	NT=human;VV=v1.1.0	NT=cell-lines;VV=v1.1.0	NT=dia-acquisition;VV=v1.1.0	neoplasm
cancer cell line batch 191211	Homo sapiens	not available	neoplasm	not available	cell line	91	run 91	proteomic profiling by mass spectrometry	1	1	label free sample	NT=TripleTOF 6600;AC=MS:1002533	NT=Trypsin;AC=MS:1001251	NT=Carbamidomethyl;AC=UNIMOD:4;TA=C;MT=Fixed	Data-independent acquisition	400	1200	25	SWATH-MS	191211.zip	v1.1.0	NT=ms-proteomics;VV=v1.1.0	NT=human;VV=v1.1.0	NT=cell-lines;VV=v1.1.0	NT=dia-acquisition;VV=v1.1.0	neoplasm
cancer cell line batch 191216	Homo sapiens	not available	neoplasm	not available	cell line	92	run 92	proteomic profiling by mass spectrometry	1	1	label free sample	NT=TripleTOF 6600;AC=MS:1002533	NT=Trypsin;AC=MS:1001251	NT=Carbamidomethyl;AC=UNIMOD:4;TA=C;MT=Fixed	Data-independent acquisition	400	1200	25	SWATH-MS	191216.zip	v1.1.0	NT=ms-proteomics;VV=v1.1.0	NT=human;VV=v1.1.0	NT=cell-lines;VV=v1.1.0	NT=dia-acquisition;VV=v1.1.0	neoplasm
cancer cell line batch 200110	Homo sapiens	not available	neoplasm	not available	cell line	93	run 93	proteomic profiling by mass spectrometry	1	1	label free sample	NT=TripleTOF 6600;AC=MS:1002533	NT=Trypsin;AC=MS:1001251	NT=Carbamidomethyl;AC=UNIMOD:4;TA=C;MT=Fixed	Data-independent acquisition	400	1200	25	SWATH-MS	200110.zip	v1.1.0	NT=ms-proteomics;VV=v1.1.0	NT=human;VV=v1.1.0	NT=cell-lines;VV=v1.1.0	NT=dia-acquisition;VV=v1.1.0	neoplasm
cancer cell line batch 200113	Homo sapiens	not available	neoplasm	not available	cell line	94	run 94	proteomic profiling by mass spectrometry	1	1	label free sample	NT=TripleTOF 6600;AC=MS:1002533	NT=Trypsin;AC=MS:1001251	NT=Carbamidomethyl;AC=UNIMOD:4;TA=C;MT=Fixed	Data-independent acquisition	400	1200	25	SWATH-MS	200113.zip	v1.1.0	NT=ms-proteomics;VV=v1.1.0	NT=human;VV=v1.1.0	NT=cell-lines;VV=v1.1.0	NT=dia-acquisition;VV=v1.1.0	neoplasm
cancer cell line batch 200121	Homo sapiens	not available	neoplasm	not available	cell line	95	run 95	proteomic profiling by mass spectrometry	1	1	label free sample	NT=TripleTOF 6600;AC=MS:1002533	NT=Trypsin;AC=MS:1001251	NT=Carbamidomethyl;AC=UNIMOD:4;TA=C;MT=Fixed	Data-independent acquisition	400	1200	25	SWATH-MS	200121.zip	v1.1.0	NT=ms-proteomics;VV=v1.1.0	NT=human;VV=v1.1.0	NT=cell-lines;VV=v1.1.0	NT=dia-acquisition;VV=v1.1.0	neoplasm
cancer cell line batch 200123	Homo sapiens	not available	neoplasm	not available	cell line	96	run 96	proteomic profiling by mass spectrometry	1	1	label free sample	NT=TripleTOF 6600;AC=MS:1002533	NT=Trypsin;AC=MS:1001251	NT=Carbamidomethyl;AC=UNIMOD:4;TA=C;MT=Fixed	Data-independent acquisition	400	1200	25	SWATH-MS	200123.zip	v1.1.0	NT=ms-proteomics;VV=v1.1.0	NT=human;VV=v1.1.0	NT=cell-lines;VV=v1.1.0	NT=dia-acquisition;VV=v1.1.0	neoplasm
cancer cell line batch 200124	Homo sapiens	not available	neoplasm	not available	cell line	97	run 97	proteomic profiling by mass spectrometry	1	1	label free sample	NT=TripleTOF 6600;AC=MS:1002533	NT=Trypsin;AC=MS:1001251	NT=Carbamidomethyl;AC=UNIMOD:4;TA=C;MT=Fixed	Data-independent acquisition	400	1200	25	SWATH-MS	200124.zip	v1.1.0	NT=ms-proteomics;VV=v1.1.0	NT=human;VV=v1.1.0	NT=cell-lines;VV=v1.1.0	NT=dia-acquisition;VV=v1.1.0	neoplasm
cancer cell line batch 200127	Homo sapiens	not available	neoplasm	not available	cell line	98	run 98	proteomic profiling by mass spectrometry	1	1	label free sample	NT=TripleTOF 6600;AC=MS:1002533	NT=Trypsin;AC=MS:1001251	NT=Carbamidomethyl;AC=UNIMOD:4;TA=C;MT=Fixed	Data-independent acquisition	400	1200	25	SWATH-MS	200127.zip	v1.1.0	NT=ms-proteomics;VV=v1.1.0	NT=human;VV=v1.1.0	NT=cell-lines;VV=v1.1.0	NT=dia-acquisition;VV=v1.1.0	neoplasm
cancer cell line batch 200128	Homo sapiens	not available	neoplasm	not available	cell line	99	run 99	proteomic profiling by mass spectrometry	1	1	label free sample	NT=TripleTOF 6600;AC=MS:1002533	NT=Trypsin;AC=MS:1001251	NT=Carbamidomethyl;AC=UNIMOD:4;TA=C;MT=Fixed	Data-independent acquisition	400	1200	25	SWATH-MS	200128.zip	v1.1.0	NT=ms-proteomics;VV=v1.1.0	NT=human;VV=v1.1.0	NT=cell-lines;VV=v1.1.0	NT=dia-acquisition;VV=v1.1.0	neoplasm
cancer cell line batch 200131	Homo sapiens	not available	neoplasm	not available	cell line	100	run 100	proteomic profiling by mass spectrometry	1	1	label free sample	NT=TripleTOF 6600;AC=MS:1002533	NT=Trypsin;AC=MS:1001251	NT=Carbamidomethyl;AC=UNIMOD:4;TA=C;MT=Fixed	Data-independent acquisition	400	1200	25	SWATH-MS	200131.zip	v1.1.0	NT=ms-proteomics;VV=v1.1.0	NT=human;VV=v1.1.0	NT=cell-lines;VV=v1.1.0	NT=dia-acquisition;VV=v1.1.0	neoplasm
